_id,Tipo,nombreAlojamiento,Zona,Nhab,Servicios,Fechas,Valoracion,Evaluaciones,Noche,Total
6581ffbe7d4586d80596ab2c,Habitación privada,"Habitacion centro Barcelona, Ciutat Vella room.",Ciutat Vella,2 huéspedes · 1 dormitorio · 1 cama · 1 baño compartido,Wifi · Cocina,17 dic. – 19 dic.,"4,6", (25 evaluaciones),24 €,47€ en total
6581ffbe7d4586d80596ab2d,Habitación privada,Agradable habitación en pleno centro de Barcelona,La Font de la Guatlla,"1 huésped · 1 dormitorio · 1 cama · 1,5 baños compartidos",Wifi · Cocina · Aire acondicionado,10 dic. – 12 dic.,"4,57", (449 evaluaciones),29 €,57€ en total
6581ffbe7d4586d80596ab2e,Habitación privada,"Room in the city center (Gothic,Rambla,Catedral)",Ciutat Vella,1 huésped · 1 dormitorio · 1 cama · 1 baño compartido,Wifi · Cocina · Lavadora,24 dic. – 26 dic.,"4,48", (120 evaluaciones),25 €,50€ en total
6581ffbe7d4586d80596ab2f,Habitación privada,Comfortable single room,Eixample,1 huésped · 1 dormitorio · 1 cama · 1 baño compartido,Wifi · Cocina,31 dic. – 2 ene.,"4,57", (35 evaluaciones),37 €,73€ en total
6581ffbe7d4586d80596ab30,Alojamiento entero: piso,Outstanding aparment &Amazing location :),Ciutat Vella,2 huéspedes · 1 dormitorio · 1 cama · 1 baño,Wifi · Cocina · Aire acondicionado,17 dic. – 19 dic.,"4,77", (35 evaluaciones),85 €,170€ en total
6581ffbe7d4586d80596ab31,Habitación privada,Habitación en Gracia cerca del Park Güell,El Camp d'en Grassot i Gràcia Nova,2 huéspedes · 1 dormitorio · 2 camas · 1 baño compartido,Wifi · Cocina · Lavadora,10 dic. – 12 dic.,"4,78", (201 evaluaciones),29 €,57€ en total
6581ffbe7d4586d80596ab32,Habitación privada,Habitación doble con balcón panorámico,Eixample,2 huéspedes · 1 dormitorio · 1 cama · 1 baño compartido,Wifi,24 dic. – 26 dic.,"4,55", (22 evaluaciones),42 €,83€ en total
6581ffbe7d4586d80596ab33,Habitación privada,Habitacion interior con cama de dos plazas,L'Hospitalet de Llobregat,2 huéspedes · 1 dormitorio · 1 cama · 1 baño compartido,Wifi · Cocina · Lavadora,17 dic. – 19 dic.,"4,44", (232 evaluaciones),23 €,45€ en total
6581ffbe7d4586d80596ab34,Habitación de hotel boutique,Super Suite H4* Gracia Stay & Up n4,Gràcia,2 huéspedes · 1 dormitorio · 1 cama · 1 baño privado,Wifi · Aire acondicionado,10 dic. – 12 dic.,"4,74", (65 evaluaciones),70 €,139€ en total
6581ffbe7d4586d80596ab35,Habitación privada,Small room in the Heart of BARCELONA.,L'Antiga Esquerra de l'Eixample,1 huésped · 1 dormitorio · 1 cama · 1 baño compartido,Wifi,3 dic. – 5 dic.,"4,4", (276 evaluaciones),30 €,59€ en total
6581ffbe7d4586d80596ab36,Habitación de hostal,Habitación Individual con baño compartido,Ciutat Vella,"1 huésped · 1 dormitorio · 1 cama · 1,5 baños compartidos",Wifi · Aire acondicionado,17 dic. – 19 dic.,"4,73", (15 evaluaciones),44 €,88€ en total
6581ffbe7d4586d80596ab37,Habitación privada,Mundi,Ciutat Vella,"1 huésped · 1 dormitorio · 1 cama · 1,5 baños compartidos",Wifi · Cocina · Lavadora,24 dic. – 26 dic.,"4,56", (146 evaluaciones),32 €,63€ en total
6581ffbe7d4586d80596ab38,Habitación privada,Habitación doble en Sagrada Familia,La Sagrada Familia,2 huéspedes · 1 dormitorio · 1 cama · 2 baños compartidos,Wifi · Cocina · Lavadora,10 dic. – 12 dic.,"4,33", (314 evaluaciones),33 €,66€ en total
6581ffbe7d4586d80596ab39,Habitación privada,Private Room with Private Bathroom in BCN Center,Sant Pere-Santa Caterina i la Ribera,2 huéspedes · 1 dormitorio · 1 cama · 1 baño privado,Wifi · Cocina,17 dic. – 19 dic.,"4,87", (30 evaluaciones),65 €,130€ en total
6581ffbe7d4586d80596ab3a,Habitación privada,excelente room doble/TV/terraza plaza España/sants,Eixample,2 huéspedes · 1 dormitorio · 1 cama · 2 baños compartidos,Wifi · Cocina,3 dic. – 5 dic.,"4,95", (208 evaluaciones),35 €,69€ en total
6581ffbe7d4586d80596ab3b,Habitación privada,Comfortable single room 5' from Sants Station,Distrito de Sants-Montjuïc,1 huésped · 1 dormitorio · 1 cama · 1 baño compartido,Wifi,17 dic. – 19 dic.,"4,88", (120 evaluaciones),39 €,77€ en total
6581ffbe7d4586d80596ab3c,Habitación privada,Habitación Individual Barcelona,L'Hospitalet de Llobregat,1 huésped · 1 dormitorio · 1 cama · 1 baño,Wifi,17 dic. – 19 dic.,"4,78", (259 evaluaciones),24 €,47€ en total
6581ffbe7d4586d80596ab3d,Habitación privada,Vegan friendly apt - 300m to Sagrada Família,Eixample,2 huéspedes · 1 dormitorio · 1 cama · 1 baño compartido,Wifi · Cocina · Lavadora · Aire acondicionado,17 dic. – 19 dic.,"4,83", (85 evaluaciones),59 €,118€ en total
6581ffbe7d4586d80596ab3e,Habitación privada,Beautiful bedroom with balcony in best area,Gràcia,2 huéspedes · 1 dormitorio · 1 cama · 1 baño compartido,Wifi · Cocina,17 dic. – 19 dic.,"4,69", (36 evaluaciones),51 €,102€ en total
6581ffbe7d4586d80596ab3f,Habitación privada,Central Room,Sant Marti,"1 huésped · 1 dormitorio · 1 cama · 1,5 baños compartidos",Wifi · Cocina · Lavadora,24 dic. – 26 dic.,"4,42", (101 evaluaciones),29 €,58€ en total
6581ffbe7d4586d80596ab40,Habitación privada,Super Room (A),Ciutat Vella,2 huéspedes · 1 dormitorio · 2 camas · 1 baño compartido,Wifi · Cocina,3 dic. – 5 dic.,"4,56", (308 evaluaciones),42 €,83€ en total
6581ffbe7d4586d80596ab41,Habitación privada,Espectacular habitación doble con balcón,Eixample,2 huéspedes · 1 dormitorio · 1 cama · 2 baños compartidos,Wifi,10 dic. – 12 dic.,"4,61", (18 evaluaciones),42 €,83€ en total
6581ffbe7d4586d80596ab42,Habitación de hotel boutique,Super Suite H4* Gracia Stay & Up n2,Gràcia,2 huéspedes · 1 dormitorio · 1 cama · 1 baño privado,Wifi · Aire acondicionado,10 dic. – 12 dic.,"4,84", (55 evaluaciones),73 €,145€ en total
6581ffbe7d4586d80596ab43,Habitación de hostal,"Hostal Nitzs BCN, Double Room w/ Shared Bathroom",Ciutat Vella,2 huéspedes · 1 dormitorio · 1 cama · 1 baño compartido,Wifi,17 dic. – 19 dic.,"4,33", (36 evaluaciones),49 €,98€ en total
6581ffbe7d4586d80596ab44,Habitación privada,"Cozy room, worthy of you !! ONLY FOR GIRLS",Les Corts,"1 huésped · 1 dormitorio · 1,5 baños compartidos",Wifi · Lavadora,31 dic. – 2 ene.,"4,87", (47 evaluaciones),32 €,64€ en total
6581ffbe7d4586d80596ab45,Habitación,Cozy room 1’ to Las Ramblas,un apartamento con servicios,"2 huéspedes · 1 dormitorio · 1 cama · 1,5 baños compartidos",Wifi · Cocina · Lavadora,10 dic. – 12 dic.,"4,4", (25 evaluaciones),44 €,88€ en total
6581ffbe7d4586d80596ab46,Habitación privada,Quietpen PReïal. Kit,Ciutat Vella,"2 huéspedes · 1 dormitorio · 1 cama · 1,5 baños",Wifi · Cocina · Lavadora · Aire acondicionado,17 dic. – 19 dic.,"4,61", (771 evaluaciones),59 €,117€ en total
6581ffbe7d4586d80596ab47,Habitación privada,Barcelona's Heart,Ciutat Vella,2 huéspedes · 1 dormitorio · 1 cama · 1 baño compartido,Wifi,3 dic. – 5 dic.,"4,49", (261 evaluaciones),42 €,83€ en total
6581ffbe7d4586d80596ab48,Habitación privada,Huge and bright double room,Gràcia,2 huéspedes · 1 dormitorio · 1 cama · 1 baño compartido,Wifi · Cocina,24 dic. – 26 dic.,"4,61", (23 evaluaciones),51 €,102€ en total
6581ffbe7d4586d80596ab49,Habitación privada,Lovely and Cozy Bedroom Barcelona City Center,Sant Pere-Santa Caterina i la Ribera,1 huésped · 1 dormitorio · 1 cama · 1 baño compartido,Wifi · Cocina,24 dic. – 26 dic.,"4,76", (75 evaluaciones),43 €,86€ en total
6581ffbe7d4586d80596ab4a,Habitación privada,Charming Place hidden in the center of Barcelona,Ciutat Vella,2 huéspedes · 1 dormitorio · 1 cama · 1 baño compartido,Wifi · Aire acondicionado,10 dic. – 12 dic.,"4,93", (185 evaluaciones),66 €,132€ en total
6581ffbe7d4586d80596ab4b,Habitación privada,Single Room in the heart of Barcelona,Ciutat Vella,1 huésped · 1 dormitorio · 1 baño compartido,Wifi · Cocina · Lavadora,17 dic. – 19 dic.,5, (22 evaluaciones),57 €,114€ en total
6581ffbe7d4586d80596ab4c,Habitación privada,Double room in Ramblas,Ciutat Vella,2 huéspedes · 1 dormitorio · 1 cama · 1 baño compartido,Wifi,17 dic. – 19 dic.,"4,38", (53 evaluaciones),44 €,88€ en total
6581ffbe7d4586d80596ab4d,Habitación privada,Room with private bathroom 5’ to Las Ramblas,Ciutat Vella,2 huéspedes · 1 dormitorio · 1 cama · 1 baño privado,Wifi · Cocina · Lavadora,24 dic. – 26 dic.,"4,09", (140 evaluaciones),43 €,85€ en total
6581ffbe7d4586d80596ab4e,Habitación privada,NEW RENOVATED ROOM . SHARE APARMENT,Eixample,2 huéspedes · 1 dormitorio · 1 cama · 2 baños compartidos,Wifi · Cocina · Lavadora,17 dic. – 19 dic.,"4,43", (37 evaluaciones),48 €,95€ en total
6581ffbe7d4586d80596ab4f,Habitación privada,A cosy room 2mns to Picasso museum,Sant Pere-Santa Caterina i la Ribera,2 huéspedes · 1 dormitorio · 1 cama · 1 baño compartido,Wifi · Cocina · Lavadora · Aire acondicionado,10 dic. – 12 dic.,"4,9", (70 evaluaciones),49 €,97€ en total
6581ffbe7d4586d80596ab50,Habitación privada,Habitación privada en Sagrada Familia ✨❤️,El Fort Pienc,1 huésped · 1 dormitorio · 1 cama · 1 baño compartido,Wifi,26 nov. – 28 nov.,"4,83", (36 evaluaciones),49 €,97€ en total
6581ffbe7d4586d80596ab51,Habitación privada,(1double room! Historic cente) IN RAMBLAS,Ciutat Vella,2 huéspedes · 1 dormitorio · 2 camas · 1 baño compartido,Wifi · Cocina · Lavadora · Aire acondicionado,17 dic. – 19 dic.,"4,55", (160 evaluaciones),53 €,106€ en total
6581ffbe7d4586d80596ab52,Habitación privada,Airy Private Double Bedroom in Central Barcelona,El Poble Sec,"2 huéspedes · 1 dormitorio · 1 cama · 1,5 baños compartidos",Wifi · Cocina · Lavadora,17 dic. – 19 dic.,"4,76", (22 evaluaciones),42 €,84€ en total
6581ffbe7d4586d80596ab53,Habitación privada,Habitación con terraza privada: RAVAL,Ciutat Vella,"2 huéspedes · 1 dormitorio · 1 cama · 1,5 baños compartidos",Wifi · Cocina · Lavadora,17 dic. – 19 dic.,"4,67", (507 evaluaciones),56 €,111€ en total
6581ffbe7d4586d80596ab54,Habitación privada,Habitación privada Sagrada Familia,La Sagrada Familia,"1 huésped · 1 dormitorio · 2,5 baños compartidos",17 dic. – 19 dic.,"4,6",NA,No hay evaluaciones,36 €,71€ en total
6581ffbe7d4586d80596ab55,Habitación privada,habitacion doble cercana a las fuentes de Montjuic,El Poble Sec,"2 huéspedes · 1 dormitorio · 1 cama · 1,5 baños compartidos",Wifi · Cocina · Lavadora · Aire acondicionado,24 dic. – 26 dic.,"4,73", (15 evaluaciones),36 €,71€ en total
6581ffbe7d4586d80596ab56,Habitación privada,Amplia y cómoda habitación doble con balcón,Eixample,2 huéspedes · 1 dormitorio · 1 cama · 2 baños compartidos,Wifi,17 dic. – 19 dic.,"4,52", (23 evaluaciones),42 €,83€ en total
6581ffbe7d4586d80596ab57,Habitación de hostal,"Hostal Nitzs BCN, Double Room w/ Private Bathroom",Ciutat Vella,2 huéspedes · 1 dormitorio · 1 cama · 1 baño privado,Wifi · Cocina,17 dic. – 19 dic.,"4,46", (13 evaluaciones),59 €,118€ en total
6581ffbe7d4586d80596ab58,Habitación privada,Pequeña♡adorable habitación BCN,La Sagrada Familia,1 huésped · 1 dormitorio · 1 cama · 1 baño compartido,Wifi,31 dic. – 2 ene.,"4,42", (630 evaluaciones),29 €,57€ en total
6581ffbe7d4586d80596ab59,Habitación privada,Villa Gil 2,El Fort Pienc,1 huésped · 1 dormitorio · 1 cama · 1 baño compartido,Wifi,26 nov. – 28 nov.,"4,59", (32 evaluaciones),35 €,69€ en total
6581ffbe7d4586d80596ab5a,Habitación privada,Chill-out Room in the heart of Barcelona,Ciutat Vella,"1 huésped · 1 dormitorio · 1 cama · 1,5 baños compartidos",Wifi,10 dic. – 12 dic.,"4,74", (19 evaluaciones),38 €,76€ en total
6581ffbe7d4586d80596ab5b,Alojamiento entero: loft,Classical loft close to pedrera!,Eixample,4 huéspedes · 1 dormitorio · 1 cama · 1 baño,Wifi · Cocina · Lavadora · Aire acondicionado,10 dic. – 12 dic.,"4,34", (193 evaluaciones),94 €,187€ en total
6581ffbe7d4586d80596ab5c,Habitación de hotel,"Habitación Doble, en el corazón de Barcelona",Ciutat Vella,2 huéspedes · 1 dormitorio · 1 cama · 1 baño privado,Wifi · Aire acondicionado,17 dic. – 19 dic.,"4,14", (29 evaluaciones),69 €,138€ en total
6581ffbe7d4586d80596ab5d,Habitación privada,Centric Double Room Private Bathroom,L'Antiga Esquerra de l'Eixample,2 huéspedes · 1 dormitorio · 1 cama · 2 baños,Wifi · Cocina · Lavadora,17 dic. – 19 dic.,"4,76", (108 evaluaciones),51 €,102€ en total
6581ffbe7d4586d80596ab5e,Habitación privada,Ile 2,Distrito de Horta-Guinardó,1 huésped · 1 dormitorio · 1 baño compartido,Wifi · Cocina · Aire acondicionado,10 dic. – 12 dic.,"4,74", (39 evaluaciones),30 €,59€ en total
6581ffbe7d4586d80596ab5f,Habitación de hotel boutique,"Hostal Khronos, Double Room with Balcony",Eixample,2 huéspedes · 1 dormitorio · 1 cama · 1 baño privado,Wifi · Aire acondicionado,17 dic. – 19 dic.,"4,55", (64 evaluaciones),77 €,153€ en total
6581ffbe7d4586d80596ab60,Habitación privada,"Bonitas vistas en el centro ,",Distrito de Sants-Montjuïc,2 huéspedes · 1 dormitorio · 1 baño compartido,Wifi,17 dic. – 19 dic.,"4,79", (19 evaluaciones),30 €,60€ en total
6581ffbe7d4586d80596ab61,Alojamiento entero: piso,Apto. céntrico ideal para parejas,Distrito de Sants-Montjuïc,"2 huéspedes · 1 dormitorio · 1 cama · 1,5 baños",Wifi · Cocina · Lavadora · Aire acondicionado,26 nov. – 28 nov.,"4,52", (308 evaluaciones),71 €,141€ en total
6581ffbe7d4586d80596ab62,Habitación privada,Spacious Cosy room & Private balcony and bathroom,Eixample,2 huéspedes · 1 dormitorio · 1 cama · 1 baño privado,Wifi · Aire acondicionado,10 dic. – 12 dic.,5, (3 evaluaciones),53 €,105€ en total
6581ffbe7d4586d80596ab63,Habitación privada,Bonito piso en Barcelona!,Eixample,"2 huéspedes · 1 dormitorio · 1 cama · 1,5 baños compartidos",Wifi · Cocina,10 dic. – 12 dic.,"4,87", (15 evaluaciones),51 €,102€ en total
6581ffbe7d4586d80596ab64,Habitación privada,Single Room In La Barceloneta For a Female Guest,Ciutat Vella,1 huésped · 1 dormitorio · 1 cama · 1 baño compartido,Wifi · Cocina · Lavadora · Aire acondicionado,17 dic. – 19 dic.,"4,45", (31 evaluaciones),26 €,52€ en total
6581ffbe7d4586d80596ab65,Habitación de hotel,Hola Hostal Eixample. Cama en dormitorio 24pax,Eixample,1 huésped · 1 dormitorio,Wifi · Cocina · Lavadora · Aire acondicionado,19 nov. – 21 nov.,"4,43", (702 evaluaciones),19 €,38€ en total
6581ffbe7d4586d80596ab66,Alojamiento entero: piso,Double bed Studio next to the beach La Barceloneta,Ciutat Vella,2 huéspedes · 1 dormitorio · 1 cama · 1 baño,Wifi · Cocina · Lavadora · Aire acondicionado,24 dic. – 26 dic.,NA,No hay evaluaciones,94 €,187€ en total
6581ffbe7d4586d80596ab67,Habitación privada,Nice room with private bathroom in center,Ciutat Vella,2 huéspedes · 1 dormitorio · 1 cama · 1 baño privado,Wifi · Cocina · Lavadora,10 dic. – 12 dic.,"4,59", (22 evaluaciones),58 €,116€ en total
6581ffbe7d4586d80596ab68,Alojamiento entero: piso,Impresionante apartamento en la playa,Sant Marti,4 huéspedes · 1 dormitorio · 2 camas · 1 baño,Wifi · Cocina · Lavadora · Aire acondicionado,17 dic. – 19 dic.,"4,71", (360 evaluaciones),93 €,185€ en total
6581ffbe7d4586d80596ab69,Habitación privada,Cozy room in the heart of BARCELONA,Gràcia,2 huéspedes · 1 dormitorio · 2 camas · 1 baño compartido,Wifi,26 nov. – 28 nov.,"4,77", (74 evaluaciones),55 €,109€ en total
6581ffbe7d4586d80596ab6a,Habitación privada,Lovely doble room in the center of BCN,Eixample,"2 huéspedes · 1 dormitorio · 1 cama · 1,5 baños compartidos",Wifi,10 dic. – 12 dic.,"4,3", (88 evaluaciones),33 €,66€ en total
6581ffbe7d4586d80596ab6b,Habitación privada,圣家堂附近单人间,Eixample,"1 huésped · 1 dormitorio · 1,5 baños compartidos",Wifi · Lavadora,31 dic. – 2 ene.,"4,86", (7 evaluaciones),26 €,51€ en total
6581ffbe7d4586d80596ab6c,Habitación privada,confortable room,Distrito de Sants-Montjuïc,2 huéspedes · 1 dormitorio · 1 cama · 1 baño compartido,Wifi · Cocina · Lavadora,17 dic. – 19 dic.,"4,47", (34 evaluaciones),36 €,71€ en total
6581ffbe7d4586d80596ab6d,Alojamiento entero: piso,NEW APARMENT PERFECT LOCATION,Ciutat Vella,2 huéspedes · Estudio · 1 cama · 1 baño,Wifi · Cocina · Lavadora · Aire acondicionado,19 nov. – 21 nov.,"4,69", (260 evaluaciones),115 €,229€ en total
6581ffbe7d4586d80596ab6e,Habitación privada,SINGLE private bedroom,Sant Marti,1 huésped · 1 dormitorio · 1 cama · 1 baño compartido,Wifi · Cocina,17 dic. – 19 dic.,"4,81", (21 evaluaciones),24 €,47€ en total
6581ffbe7d4586d80596ab6f,Habitación privada,Mihlton B&B Habitación individual baño privado,Eixample,1 huésped · 1 dormitorio · 1 cama · 1 baño privado,Wifi · Aire acondicionado,17 dic. – 19 dic.,"4,67", (21 evaluaciones),59 €,118€ en total
6581ffbe7d4586d80596ab70,Habitación privada,Central Single Room Near Plaza Catalunya,Ciutat Vella,1 huésped · 1 dormitorio · 1 cama · 1 baño compartido,Wifi · Cocina · Lavadora,24 dic. – 26 dic.,"4,8", (106 evaluaciones),48 €,95€ en total
6581ffbe7d4586d80596ab71,Habitación privada,Habitación privada en el Born,Sant Pere-Santa Caterina i la Ribera,2 huéspedes · 1 dormitorio · 1 cama · 1 baño compartido,Wifi · Cocina,10 dic. – 12 dic.,"4,5", (95 evaluaciones),52 €,104€ en total
6581ffbe7d4586d80596ab72,Alojamiento entero: loft,PRIVATE LOFT IN THE BORNE,Sant Pere-Santa Caterina i la Ribera,"2 huéspedes · Estudio · 2 camas · 1,5 baños",Wifi · Cocina · Lavadora · Aire acondicionado,10 dic. – 12 dic.,5, (10 evaluaciones),95 €,189€ en total
6581ffbe7d4586d80596ab73,Habitación privada,Habitación doble Barcelona Centro,Ciutat Vella,2 huéspedes · 1 dormitorio · 1 cama · 1 baño,Wifi · Cocina · Lavadora,17 dic. – 19 dic.,"4,5", (52 evaluaciones),44 €,88€ en total
6581ffbe7d4586d80596ab74,Habitación privada,Room Sagrada Familia + Rooftop,Eixample,2 huéspedes · 1 dormitorio · 1 cama · 1 baño compartido,Wifi · Cocina · Lavadora,10 dic. – 12 dic.,"4,65", (21 evaluaciones),51 €,101€ en total
6581ffbe7d4586d80596ab75,Habitación de hostal,Habitación Doble con baño privado externo- 1 cama,Ciutat Vella,"2 huéspedes · 1 dormitorio · 1 cama · 1,5 baños",Wifi · Aire acondicionado,17 dic. – 19 dic.,NA,No hay evaluaciones,65 €,130€ en total
6581ffbe7d4586d80596ab76,Habitación privada,Quietpen PReïal. Rooftop,Ciutat Vella,2 huéspedes · 1 dormitorio · 1 cama · 1 baño privado,Wifi · Cocina · Lavadora · Aire acondicionado,17 dic. – 19 dic.,"4,62", (617 evaluaciones),63 €,125€ en total
6581ffbe7d4586d80596ab77,Habitación privada,Private Double Bedroom in Central Barcelona,El Poble Sec,"2 huéspedes · 1 dormitorio · 1 cama · 1,5 baños compartidos",Wifi · Cocina · Lavadora,17 dic. – 19 dic.,5, (27 evaluaciones),54 €,107€ en total
6581ffbe7d4586d80596ab78,Habitación privada,Beach modern spacious room Queen bed in Poblenou,Sant Marti,2 huéspedes · 1 dormitorio · 1 cama · 1 baño compartido,Wifi · Cocina · Lavadora · Aire acondicionado,17 dic. – 19 dic.,5, (12 evaluaciones),53 €,106€ en total
6581ffbe7d4586d80596ab79,Habitación privada,Room with big bed,Ciutat Vella,2 huéspedes · 1 dormitorio · 1 cama · 1 baño compartido,Wifi · Cocina · Aire acondicionado,26 nov. – 28 nov.,"4,56", (117 evaluaciones),40 €,79€ en total
6581ffbe7d4586d80596ab7a,Alojamiento entero: alojamiento residencial,Ameno Atico: cerca de la playa pero céntrico,Sant Marti,3 huéspedes · 1 dormitorio · 4 camas · 1 baño,Wifi · Cocina · Lavadora · Aire acondicionado,17 dic. – 19 dic.,"4,74", (260 evaluaciones),119 €,238€ en total
6581ffbe7d4586d80596ab7b,Habitación privada,Ile1,Distrito de Horta-Guinardó,1 huésped · 1 dormitorio · 1 cama · 1 baño compartido,Wifi · Cocina · Aire acondicionado,3 dic. – 5 dic.,"4,45", (40 evaluaciones),32 €,64€ en total
6581ffbe7d4586d80596ab7c,Alojamiento entero: loft,Cozy Studio Loft close to Metro and Camp Nou,L'Hospitalet de Llobregat,3 huéspedes · 1 dormitorio · 1 cama · 1 baño,Wifi · Cocina · Lavadora · Aire acondicionado,26 nov. – 28 nov.,"4,67", (150 evaluaciones),68 €,135€ en total
6581ffbe7d4586d80596ab7d,Habitación privada,Gorgeous room with balcony in the city center,Ciutat Vella,2 huéspedes · 1 dormitorio · 1 cama · 1 baño compartido,Wifi · Cocina · Lavadora · Aire acondicionado,3 dic. – 5 dic.,"4,8", (199 evaluaciones),64 €,127€ en total
6581ffbe7d4586d80596ab7e,Habitación privada,Nice Flat at Barcelona,Ciutat Vella,"1 huésped · 1 dormitorio · 1,5 baños compartidos",Wifi · Cocina · Lavadora · Aire acondicionado,19 nov. – 21 nov.,"4,25", (72 evaluaciones),36 €,71€ en total
6581ffbe7d4586d80596ab7f,Habitación privada,casa DERY Barcelona,Ciutat Vella,2 huéspedes · 1 dormitorio · 1 cama · 1 baño compartido,Wifi · Cocina · Lavadora,17 dic. – 19 dic.,"4,38", (13 evaluaciones),28 €,55€ en total
6581ffbe7d4586d80596ab80,Habitación privada,Habitación individual a 15' del centro,Distrito de Horta-Guinardó,1 huésped · 1 dormitorio · 1 cama · 1 baño privado,Wifi · Cocina · Lavadora · Aire acondicionado,12 nov. – 14 nov.,"4,95", (116 evaluaciones),42 €,83€ en total
6581ffbe7d4586d80596ab81,Habitación privada,"El Faro, Habitacion privada 1",Distrito de Horta-Guinardó,2 huéspedes · 1 dormitorio · 1 cama · 1 baño compartido,Wifi · Cocina · Lavadora,31 dic. – 2 ene.,"4,56", (61 evaluaciones),42 €,83€ en total
6581ffbe7d4586d80596ab82,Habitación privada,Spacious room with natural light and privacy,Ciutat Vella,"2 huéspedes · 1 dormitorio · 2 camas · 1,5 baños compartidos",Wifi · Cocina · Lavadora,26 nov. – 28 nov.,"4,64", (14 evaluaciones),56 €,112€ en total
6581ffbe7d4586d80596ab83,Habitación de hotel boutique,Double Room Gallery extra bed,Eixample,2 huéspedes · 1 dormitorio · 2 camas · 1 baño,Wifi · Aire acondicionado,17 dic. – 19 dic.,"4,29", (7 evaluaciones),80 €,160€ en total
6581ffbe7d4586d80596ab84,Habitación privada,Hab X 2 :) Hospital Sant Pau y Sagrada Familia,Sant Marti,2 huéspedes · 1 dormitorio · 1 cama · 1 baño compartido,Wifi · Cocina,10 dic. – 12 dic.,"4,59", (98 evaluaciones),45 €,89€ en total
6581ffbe7d4586d80596ab85,Habitación de hostal,Habitación Doble con baño compartido - 2 camas,Ciutat Vella,"2 huéspedes · 1 dormitorio · 2 camas · 1,5 baños compartidos",Wifi · Aire acondicionado,10 dic. – 12 dic.,"4,86", (7 evaluaciones),58 €,116€ en total
6581ffbe7d4586d80596ab86,Habitación privada,Room to rent in central Barcelona near la rambla,Ciutat Vella,2 huéspedes · 1 dormitorio · 1 baño privado,Wifi · Cocina · Lavadora,17 dic. – 19 dic.,5, (3 evaluaciones),64 €,127€ en total
6581ffbe7d4586d80596ab87,Alojamiento entero: piso,CAMP NOU VACACIONES APARTAMENT 3 ROOMS WI-FI FREE,L'Hospitalet de Llobregat,4 huéspedes · 3 dormitorios · 4 camas · 1 baño,Wifi · Cocina · Lavadora · Aire acondicionado,10 dic. – 12 dic.,"4,57", (196 evaluaciones),81 €,162€ en total
6581ffbe7d4586d80596ab88,Habitación privada,Habitación en pleno centro de barcelona,Les Corts,1 huésped · 1 dormitorio · 1 cama · 1 baño compartido,Wifi · Cocina,31 dic. – 2 ene.,"4,75", (16 evaluaciones),43 €,85€ en total
6581ffbe7d4586d80596ab89,Alojamiento entero: piso,Precioso Estudio en Barcelona *Bcn* E04,Eixample,3 huéspedes · 1 dormitorio · 1 cama · 1 baño,Tu anfitrión es una empresa · Wifi · Cocina · Lavadora,10 dic. – 12 dic.,"4,62", (63 evaluaciones),103 €,206€ en total
6581ffbe7d4586d80596ab8a,Habitación privada,Habitacion sensilla confortable en casa familiar,Sant Marti,1 huésped · 1 dormitorio · 1 cama · 1 baño,Wifi,3 dic. – 5 dic.,"4,73", (198 evaluaciones),31 €,62€ en total
6581ffbe7d4586d80596ab8b,Habitación privada,Precioso apartamento cerca de Sagrada Familia,Sant Marti,2 huéspedes · 1 dormitorio · 1 cama · 1 baño compartido,Wifi · Cocina · Lavadora,3 dic. – 5 dic.,NA,No hay evaluaciones,41 €,81€ en total
6581ffbe7d4586d80596ab8c,Habitación privada,Habitación dobe con terraza en el Gracia,Gràcia,2 huéspedes · 1 dormitorio · 1 cama · 1 baño compartido,Wifi · Aire acondicionado,24 dic. – 26 dic.,"4,17", (153 evaluaciones),39 €,77€ en total
6581ffbe7d4586d80596ab8d,Habitación privada,Design Catalan Room El Born for 2 Persons,Sant Pere-Santa Caterina i la Ribera,2 huéspedes · 1 dormitorio · 1 cama · 1 baño compartido,Wifi · Cocina · Lavadora,10 dic. – 12 dic.,"4,79", (29 evaluaciones),63 €,125€ en total
6581ffbe7d4586d80596ab8e,Habitación privada,Gran Habitación en el Centro de Barcelona,Eixample,2 huéspedes · 1 dormitorio · 1 cama · 1 baño compartido,Wifi · Cocina · Lavadora,17 dic. – 19 dic.,"4,75", (414 evaluaciones),76 €,151€ en total
6581ffbe7d4586d80596ab8f,Alojamiento entero: loft,Un espacio con encanto en Barcelona,Distrito de Sants-Montjuïc,1 huésped · Estudio · 2 camas · 1 baño,Wifi · Cocina · Lavadora · Aire acondicionado,24 dic. – 26 dic.,"4,81", (442 evaluaciones),107 €,213€ en total
6581ffbe7d4586d80596ab90,Habitación privada,Twin Room Central + Close to the beach,Sant Marti,"2 huéspedes · 1 dormitorio · 2 camas · 1,5 baños",Wifi · Cocina,24 dic. – 26 dic.,"4,5", (20 evaluaciones),48 €,95€ en total
6581ffbe7d4586d80596ab91,Habitación privada,Habitación acogedora en el Centro de Barcelona,Ciutat Vella,2 huéspedes · 1 dormitorio · 1 baño,Wifi,10 dic. – 12 dic.,"4,31", (26 evaluaciones),53 €,106€ en total
6581ffbe7d4586d80596ab92,Habitación privada,Charming private 1 bedroom w/ balcony in Poble Sec,El Poble Sec,2 huéspedes · 1 dormitorio · 1 cama · 1 baño compartido,Wifi · Cocina · Lavadora,26 nov. – 28 nov.,"4,86", (101 evaluaciones),53 €,106€ en total
6581ffbe7d4586d80596ab93,Habitación privada,habitación centrica a 15' en tren d plaza cataluña,L'Hospitalet de Llobregat,"1 huésped · 1 dormitorio · 1 cama · 1,5 baños",Wifi · Cocina · Lavadora,10 dic. – 12 dic.,"4,88", (114 evaluaciones),19 €,38€ en total
6581ffbe7d4586d80596ab94,Alojamiento entero: piso,Sunny apartment next to Sagrada Familia,La Sagrada Familia,2 huéspedes · 1 dormitorio · 1 cama · 1 baño,Tu anfitrión es una empresa · Wifi · Cocina · Aire acondicionado,10 dic. – 12 dic.,"4,9", (21 evaluaciones),110 €,220€ en total
6581ffbe7d4586d80596ab95,Habitación de hostal,Habitación Doble con baño privado - 1 cama doble,Ciutat Vella,"2 huéspedes · 1 dormitorio · 1 cama · 1,5 baños",Wifi · Aire acondicionado,17 dic. – 19 dic.,"4,9", (10 evaluaciones),69 €,138€ en total
6581ffbe7d4586d80596ab96,Habitación privada,BEAUTIFUL DOUBLE ROOM Sagrada Familia,La Sagrada Familia,2 huéspedes · 1 dormitorio · 1 cama · 1 baño compartido,Wifi · Cocina · Lavadora,10 dic. – 12 dic.,"4,94", (49 evaluaciones),58 €,116€ en total
6581ffbe7d4586d80596ab97,Alojamiento entero: loft,Stylish 1-bedroom Apartment + Loft/Downtown BCN,Eixample,5 huéspedes · 1 dormitorio · 1 cama · 1 baño,Wifi · Cocina · Lavadora · Aire acondicionado,10 dic. – 12 dic.,"4,68", (191 evaluaciones),114 €,227€ en total
6581ffbe7d4586d80596ab98,Habitación privada,Private -bedroom,Sant Pere-Santa Caterina i la Ribera,2 huéspedes · 1 dormitorio · 4 camas · 1 baño compartido,Wifi · Cocina · Lavadora,10 dic. – 12 dic.,"4,47", (49 evaluaciones),43 €,85€ en total
6581ffbe7d4586d80596ab99,Habitación privada,Centric bedroom with private bath & views,Eixample,2 huéspedes · 1 dormitorio · 1 cama · 1 baño privado,Wifi · Aire acondicionado,10 dic. – 12 dic.,"4,86", (14 evaluaciones),55 €,110€ en total
6581ffbe7d4586d80596ab9a,Habitación privada,"Hogar Coris (gata) Conxa,Prat,playas,Fira,",L'Hospitalet de Llobregat,1 huésped · 1 dormitorio · 1 cama · 1 baño compartido,Wifi,24 dic. – 26 dic.,"4,55", (280 evaluaciones),26 €,52€ en total
6581ffbe7d4586d80596ab9b,Alojamiento entero: piso,Nice & Cozy Apartment in Gracia,Gràcia,4 huéspedes · 1 dormitorio · 2 camas · 1 baño,Wifi · Cocina · Lavadora · Aire acondicionado,10 dic. – 12 dic.,"4,87", (423 evaluaciones),124 €,247€ en total
6581ffbe7d4586d80596ab9c,Habitación privada,Luxury room with private bathroom at Las Ramblas,Ciutat Vella,2 huéspedes · 1 dormitorio · 1 cama · 1 baño compartido,Wifi · Cocina · Aire acondicionado,17 dic. – 19 dic.,"4,81", (21 evaluaciones),78 €,156€ en total
6581ffbe7d4586d80596ab9d,Habitación privada,"Enjoy Room, private bathroom, center near beach",Ciutat Vella,4 huéspedes · 1 dormitorio · 3 camas · 1 baño privado,Wifi · Cocina · Aire acondicionado,17 dic. – 19 dic.,"4,4", (84 evaluaciones),70 €,139€ en total
6581ffbe7d4586d80596ab9e,Habitación privada,Cozy Room in Eixample (downtown Barcelona) 3,L'Antiga Esquerra de l'Eixample,"2 huéspedes · 1 dormitorio · 1 cama · 1,5 baños compartidos",Wifi · Cocina · Lavadora,17 dic. – 19 dic.,"4,39", (23 evaluaciones),61 €,121€ en total
6581ffbe7d4586d80596ab9f,Habitación privada,Habitación doble/Sagrada Familia-Barcelona,La Sagrada Familia,2 huéspedes · 1 dormitorio · 1 cama · 1 baño compartido,Wifi · Cocina,17 dic. – 19 dic.,"4,45", (38 evaluaciones),45 €,89€ en total
6581ffbe7d4586d80596aba0,Habitación privada,A small individual room in a sharing apartment,Ciutat Vella,1 huésped · 1 dormitorio · 1 baño compartido,Wifi,17 dic. – 19 dic.,"4,64", (124 evaluaciones),39 €,77€ en total
6581ffbe7d4586d80596aba1,Alojamiento entero: piso,Little Pretty Place... en el Corazón de Barcelona,L'Antiga Esquerra de l'Eixample,4 huéspedes · 2 dormitorios · 4 camas · 1 baño,Wifi · Cocina · Lavadora · Aire acondicionado,17 dic. – 19 dic.,"4,5", (273 evaluaciones),100 €,200€ en total
6581ffbe7d4586d80596aba2,Habitación privada,Secret Room For 2 Persons / Centre El Born,Sant Pere-Santa Caterina i la Ribera,2 huéspedes · 1 dormitorio · 1 cama · 1 baño compartido,Wifi · Cocina · Lavadora,17 dic. – 19 dic.,"4,58", (69 evaluaciones),67 €,134€ en total
6581ffbe7d4586d80596aba3,Alojamiento entero: piso,SUITE 30m2. AirCond. Heating. WIFI. LIFT. PARKING.,El Putxet i el Farró,2 huéspedes · 1 dormitorio · 2 camas · 1 baño,Wifi · Cocina · Aire acondicionado,3 dic. – 5 dic.,"4,51", (231 evaluaciones),96 €,192€ en total
6581ffbe7d4586d80596aba4,Alojamiento entero: piso,"SAN&SUN, vintage loft in city center",El Poble Sec,4 huéspedes · 1 dormitorio · 2 camas · 1 baño,Wifi · Cocina · Aire acondicionado,10 dic. – 12 dic.,"4,71", (391 evaluaciones),101 €,201€ en total
6581ffbe7d4586d80596aba5,Habitación privada,Habitación privada en plena de Barcelona,Sant Marti,2 huéspedes · 1 dormitorio · 1 cama · 1 baño compartido,Wifi · Cocina · Aire acondicionado,26 nov. – 28 nov.,"4,84", (43 evaluaciones),48 €,95€ en total
6581ffbe7d4586d80596aba6,Habitación privada,Habitacion en centro de Barcelona con baño privado,La Sagrada Familia,2 huéspedes · 1 dormitorio · 1 cama · 1 baño privado,Wifi,24 dic. – 26 dic.,"4,66", (207 evaluaciones),59 €,118€ en total
6581ffbe7d4586d80596aba7,Alojamiento entero: piso,2-1 · Loft a 10 minutos de la Sagrada Familia,Eixample,4 huéspedes · 1 dormitorio · 1 cama · 1 baño,Wifi · Cocina · Lavadora · Aire acondicionado,17 dic. – 19 dic.,"4,58", (12 evaluaciones),117 €,233€ en total
6581ffbe7d4586d80596aba8,Habitación privada,Room x 4 people ramblas beach,Ciutat Vella,4 huéspedes · 1 dormitorio · 3 camas · 1 baño compartido,Wifi · Cocina · Lavadora · Aire acondicionado,17 dic. – 19 dic.,"4,29", (24 evaluaciones),71 €,141€ en total
6581ffbe7d4586d80596aba9,Habitación privada,habitacion 1 en el parque guell limpia y tranquila,La Teixonera,"2 huéspedes · 1 dormitorio · 1,5 baños",Wifi,10 dic. – 12 dic.,"4,32", (22 evaluaciones),33 €,65€ en total
6581ffbe7d4586d80596abaa,Habitación de hostal,Doble con baño compartido y ducha privada- 2 camas,Ciutat Vella,"2 huéspedes · 1 dormitorio · 2 camas · 1,5 baños compartidos",Wifi · Aire acondicionado,17 dic. – 19 dic.,"4,5", (8 evaluaciones),59 €,118€ en total
6581ffbe7d4586d80596abab,Alojamiento entero: piso,PB2 Light&Dream / Connected Airport&Downtown,Pubilla Cases,2 huéspedes · 1 dormitorio · 2 camas · 1 baño,Wifi · Cocina · Aire acondicionado,26 nov. – 28 nov.,"4,61", (33 evaluaciones),71 €,141€ en total
6581ffbe7d4586d80596abac,Habitación privada,42sqm Suite Next to Plaza Catalunya,Ciutat Vella,4 huéspedes · 1 dormitorio · 2 camas · 1 baño privado,Wifi · Cocina,24 dic. – 26 dic.,"4,81", (16 evaluaciones),84 €,168€ en total
6581ffbe7d4586d80596abad,Alojamiento entero: piso,Penthouse with terrace (plaza España),Hostafrangs,2 huéspedes · 1 dormitorio · 1 cama · 1 baño,Wifi · Cocina · Lavadora · Aire acondicionado,24 dic. – 26 dic.,"4,83", (60 evaluaciones),96 €,192€ en total
6581ffbe7d4586d80596abae,Habitación privada,Cómoda Habitación Individual al lado de Aeropuerto,El Prat de Llobregat,1 huésped · 1 dormitorio · 1 cama · 1 baño compartido,Wifi · Cocina · Lavadora · Aire acondicionado,31 dic. – 2 ene.,"4,95", (104 evaluaciones),30 €,60€ en total
6581ffbe7d4586d80596abaf,Habitación privada,Cosy Room in the heart of Barcelona,Ciutat Vella,2 huéspedes · 1 dormitorio · 1 cama · 1 baño compartido,Wifi · Cocina · Lavadora · Aire acondicionado,3 dic. – 5 dic.,"4,69", (49 evaluaciones),59 €,118€ en total
6581ffbe7d4586d80596abb0,Habitación privada,Room in the heart of barcelona - La Rambla,Ciutat Vella,2 huéspedes · 1 dormitorio · 1 cama · 1 baño privado,Wifi · Cocina · Lavadora,10 dic. – 12 dic.,"4,69", (109 evaluaciones),62 €,124€ en total
6581ffbe7d4586d80596abb1,Habitación privada,Central room in plaza España,Hostafrangs,"2 huéspedes · 1 dormitorio · 1 cama · 1,5 baños compartidos",Wifi · Cocina · Aire acondicionado,17 dic. – 19 dic.,"4,75", (4 evaluaciones),53 €,106€ en total
6581ffbe7d4586d80596abb2,Habitación privada,Luxury Room with En Suite Bathroom,Ciutat Vella,2 huéspedes · 1 dormitorio · 1 cama · 1 baño privado,Wifi · Cocina · Aire acondicionado,10 dic. – 12 dic.,"4,72", (32 evaluaciones),78 €,156€ en total
6581ffbe7d4586d80596abb3,Apartamento con servicios entero,Camp Nou HOLIDAYS APARTAMENT Smart TV+ Wi-Fi FREE,L'Hospitalet de Llobregat,4 huéspedes · 2 dormitorios · 3 camas · 1 baño,Wifi · Cocina · Lavadora · Aire acondicionado,10 dic. – 12 dic.,"4,76", (17 evaluaciones),76 €,151€ en total
6581ffbe7d4586d80596abb4,Habitación privada,"Doble Room, Ramblas. Habitación doble",Ciutat Vella,2 huéspedes · 1 dormitorio · 1 cama · 1 baño compartido,Wifi,17 dic. – 19 dic.,"4,4", (42 evaluaciones),52 €,103€ en total
6581ffbe7d4586d80596abb5,Habitación privada,Double room in Sagrada Familia.,La Sagrada Familia,2 huéspedes · 1 dormitorio · 1 cama · 1 baño compartido,Wifi · Cocina · Lavadora,17 dic. – 19 dic.,"4,87", (68 evaluaciones),51 €,101€ en total
6581ffbe7d4586d80596abb6,Alojamiento entero: loft,Precioso Estudio en Barcelona *Bcn* E01,Eixample,3 huéspedes · 1 dormitorio · 1 cama · 1 baño,Tu anfitrión es una empresa · Wifi · Cocina · Lavadora,10 dic. – 12 dic.,"4,57", (59 evaluaciones),103 €,206€ en total
6581ffbe7d4586d80596abb7,Habitación privada,SUNNY room for 2 or 3 person near sagrada familia,Distrito de Horta-Guinardó,3 huéspedes · 1 dormitorio · 2 camas · 1 baño compartido,Wifi · Cocina,26 nov. – 28 nov.,4, (19 evaluaciones),41 €,82€ en total
6581ffbe7d4586d80596abb8,Habitación privada,Habitación amplia en casa antigua,Gràcia,"2 huéspedes · 1 dormitorio · 1 cama · 2,5 baños compartidos",Wifi · Lavadora,24 dic. – 26 dic.,"4,45", (11 evaluaciones),45 €,89€ en total
6581ffbe7d4586d80596abb9,Alojamiento entero: piso,City center Gràcia 5 min to Sagrada Familia,Gràcia,6 huéspedes · 3 dormitorios · 3 camas · 1 baño,Wifi · Cocina · Lavadora · Aire acondicionado,10 dic. – 12 dic.,"4,67", (21 evaluaciones),114 €,228€ en total
6581ffbe7d4586d80596abba,Habitación privada,Habitación con dos camas individuales en Poblesec,El Poble Sec,2 huéspedes · 1 dormitorio · 2 camas · 1 baño compartido,Wifi · Cocina · Aire acondicionado,17 dic. – 19 dic.,"4,81", (42 evaluaciones),42 €,83€ en total
6581ffbe7d4586d80596abbb,Habitación privada,Súper nice room for a balcony,Ciutat Vella,2 huéspedes · 1 dormitorio · 1 cama · 1 baño compartido,Wifi · Cocina · Lavadora,10 dic. – 12 dic.,"4,58", (105 evaluaciones),65 €,130€ en total
6581ffbe7d4586d80596abbc,Habitación de hostal,Cozy and Modern Single Room,Eixample,1 huésped · 1 dormitorio · 1 cama · 1 baño privado,Wifi · Lavadora · Aire acondicionado,10 dic. – 12 dic.,"4,75", (80 evaluaciones),62 €,124€ en total
6581ffbe7d4586d80596abbd,Habitación privada,Best location La Rambla private bathroom and A.C,Ciutat Vella,2 huéspedes · 1 dormitorio · 1 cama · 1 baño privado,Wifi · Lavadora,3 dic. – 5 dic.,"4,59", (99 evaluaciones),65 €,130€ en total
6581ffbe7d4586d80596abbe,Habitación privada,Room + Bathroom PRÍVATE+Breakfast/Saniticed,Distrito de San Andrés,3 huéspedes · 1 dormitorio · 2 camas · 1 baño privado,Wifi · Cocina · Aire acondicionado,10 dic. – 12 dic.,"4,94", (81 evaluaciones),65 €,130€ en total
6581ffbe7d4586d80596abbf,Habitación privada,"Sagrada familia, céntrico exterior.Piso particular",La Sagrada Familia,"2 huéspedes · 1 dormitorio · 1 cama · 1,5 baños compartidos",Wifi · Cocina · Lavadora · Aire acondicionado,17 dic. – 19 dic.,5, (4 evaluaciones),45 €,90€ en total
6581ffbe7d4586d80596abc0,Habitación privada,Nice Room Macba,Ciutat Vella,"2 huéspedes · 1 dormitorio · 1 cama · 1,5 baños compartidos",Wifi,26 nov. – 28 nov.,"4,81", (367 evaluaciones),65 €,130€ en total
6581ffbe7d4586d80596abc1,Habitación privada,Habitación doble muy cómoda/sagrada familia,Distrito de Horta-Guinardó,2 huéspedes · 1 dormitorio · 1 cama · 1 baño compartido,Wifi · Cocina,17 dic. – 19 dic.,"4,64", (11 evaluaciones),39 €,78€ en total
6581ffbe7d4586d80596abc2,Alojamiento entero: loft,MODERN LOFT CAMP NOU WITH WI-FI AND AIRE,L'Hospitalet de Llobregat,4 huéspedes · 2 dormitorios · 3 camas · 1 baño,Wifi · Cocina · Lavadora · Aire acondicionado,10 dic. – 12 dic.,"4,65", (124 evaluaciones),81 €,162€ en total
6581ffbe7d4586d80596abc3,Habitación privada,B&B 1 -Habitación privada cerca Estación de Sants.,Distrito de Sants-Montjuïc,1 huésped · 1 dormitorio · 1 cama · 2 baños compartidos,Wifi,19 nov. – 21 nov.,"4,32", (56 evaluaciones),36 €,71€ en total
6581ffbe7d4586d80596abc4,Alojamiento entero: piso,Precioso Apartamento en Barcelona *Bcn* E02,Eixample,3 huéspedes · 1 dormitorio · 2 camas · 1 baño,Wifi · Cocina · Aire acondicionado,10 dic. – 12 dic.,"4,6", (84 evaluaciones),103 €,206€ en total
6581ffbe7d4586d80596abc5,Alojamiento entero: loft,Precioso Loft en Barcelona *Bcn* E03.,Eixample,3 huéspedes · Estudio · 2 camas · 1 baño,Tu anfitrión es una empresa · Wifi · Cocina · Aire acondicionado,10 dic. – 12 dic.,"4,56", (87 evaluaciones),103 €,206€ en total
6581ffbe7d4586d80596abc6,Habitación de hostal,Habitación Doble con baño privado - 2 camas,Ciutat Vella,"2 huéspedes · 1 dormitorio · 2 camas · 1,5 baños",Wifi · Aire acondicionado,24 dic. – 26 dic.,5, (7 evaluaciones),69 €,138€ en total
6581ffbe7d4586d80596abc7,Habitación privada,Habitación tranquila,Distrito de San Andrés,"2 huéspedes · 1 dormitorio · 1 cama · 1,5 baños",Wifi · Cocina · Lavadora,17 dic. – 19 dic.,"4,55", (41 evaluaciones),36 €,71€ en total
6581ffbe7d4586d80596abc8,Habitación privada,Habitación moderna en el born,Sant Pere-Santa Caterina i la Ribera,2 huéspedes · 1 dormitorio · 2 camas · 1 baño compartido,Wifi,17 dic. – 19 dic.,"4,78", (380 evaluaciones),52 €,103€ en total
6581ffbe7d4586d80596abc9,Habitación privada,Gorgeous vintage room with AC (old town),Sant Pere-Santa Caterina i la Ribera,2 huéspedes · 1 dormitorio · 1 cama · 1 baño compartido,Wifi · Cocina · Lavadora · Aire acondicionado,17 dic. – 19 dic.,"4,85", (379 evaluaciones),76 €,151€ en total
6581ffbe7d4586d80596abca,Habitación privada,Room in the center of Barcelona 1,Ciutat Vella,2 huéspedes · 1 dormitorio · 1 cama · 1 baño compartido,Wifi · Cocina · Lavadora,17 dic. – 19 dic.,"4,44", (59 evaluaciones),55 €,110€ en total
6581ffbe7d4586d80596abcb,Habitación privada,Spotless db room + private bathroom Sants Stn,Distrito de Sants-Montjuïc,3 huéspedes · 1 dormitorio · 1 cama · 1 baño privado,Wifi · Aire acondicionado,10 dic. – 12 dic.,"4,81", (97 evaluaciones),73 €,145€ en total
6581ffbe7d4586d80596abcc,Habitación privada,"Large cosy room in medieval town, city centre",Sant Pere-Santa Caterina i la Ribera,2 huéspedes · 1 dormitorio · 1 cama · 1 baño compartido,Wifi · Cocina · Lavadora,3 dic. – 5 dic.,"4,8", (69 evaluaciones),83 €,165€ en total
6581ffbe7d4586d80596abcd,Habitación privada,Double Simple Room + Perfect Central Location,Sant Marti,"2 huéspedes · 1 dormitorio · 1 cama · 1,5 baños compartidos",Wifi · Cocina,17 dic. – 19 dic.,"4,45", (20 evaluaciones),42 €,83€ en total
6581ffbe7d4586d80596abce,Habitación privada,Cozy Room in Eixample (downtown Barcelona) 2,L'Antiga Esquerra de l'Eixample,"2 huéspedes · 1 dormitorio · 1 cama · 1,5 baños compartidos",Wifi · Cocina · Lavadora,17 dic. – 19 dic.,"4,5", (40 evaluaciones),61 €,121€ en total
6581ffbe7d4586d80596abcf,Habitación privada,Unique & Quiet Space in Heart of Barcelona,Ciutat Vella,"3 huéspedes · 1 dormitorio · 2 camas · 1,5 baños compartidos",Wifi · Cocina · Lavadora · Aire acondicionado,17 dic. – 19 dic.,"4,97", (32 evaluaciones),57 €,114€ en total
6581ffbe7d4586d80596abd0,Habitación privada,Large room with private balcony 1,Sant Pere-Santa Caterina i la Ribera,4 huéspedes · 1 dormitorio · 3 camas · 1 baño compartido,Wifi · Cocina,17 dic. – 19 dic.,"4,54", (28 evaluaciones),71 €,142€ en total
6581ffbe7d4586d80596abd1,Habitación privada,Habitación doble ideal para parejas,Eixample,2 huéspedes · 1 dormitorio · 1 cama · 1 baño,Wifi · Cocina,10 dic. – 12 dic.,"4,83", (36 evaluaciones),58 €,116€ en total
6581ffbe7d4586d80596abd2,Habitación privada,Stylish Balcony Private Room,Sant Pere-Santa Caterina i la Ribera,2 huéspedes · 1 dormitorio · 1 cama · 1 baño compartido,Wifi · Cocina · Lavadora,17 dic. – 19 dic.,"4,62", (144 evaluaciones),53 €,106€ en total
6581ffbe7d4586d80596abd3,Apartamento con servicios entero,Estudio luminoso en el centro de Barcelona,Eixample,2 huéspedes · Estudio · 2 camas · 1 baño,Wifi · Cocina · Lavadora · Aire acondicionado,17 dic. – 19 dic.,"4,7", (47 evaluaciones),122 €,244€ en total
6581ffbe7d4586d80596abd4,Habitación privada,✈️ Habitación individual a 10 minutos del aeropuerto.,El Prat de Llobregat,1 huésped · 1 dormitorio · 1 cama · 1 baño compartido,Wifi · Cocina,19 nov. – 21 nov.,"4,56", (16 evaluaciones),30 €,59€ en total
6581ffbe7d4586d80596abd5,Habitación privada,"Room whith private bathroom, center near beach",Ciutat Vella,4 huéspedes · 1 dormitorio · 3 camas · 1 baño privado,Wifi · Cocina · Aire acondicionado,10 dic. – 12 dic.,"4,42", (88 evaluaciones),70 €,139€ en total
6581ffbe7d4586d80596abd6,Alojamiento entero: loft,Precioso Loft en Barcelona *Bcn* C03,Eixample,3 huéspedes · Estudio · 2 camas · 1 baño,Tu anfitrión es una empresa · Wifi · Cocina · Lavadora,3 dic. – 5 dic.,"4,66", (92 evaluaciones),130 €,260€ en total
6581ffbe7d4586d80596abd7,Habitación privada,Finca Modernista S. XIX Arc del Triunf Hab. Single,Eixample,"1 huésped · 1 dormitorio · 2 camas · 1,5 baños compartidos",Wifi · Cocina,24 dic. – 26 dic.,"4,93", (14 evaluaciones),42 €,83€ en total
6581ffbe7d4586d80596abd8,Habitación de hostal,Pension Ciudadela - Individual - Tarifa estandar,Sant Pere-Santa Caterina i la Ribera,1 huésped · 1 dormitorio · 1 cama · 1 baño privado,Wifi · Aire acondicionado,24 dic. – 26 dic.,"4,73", (11 evaluaciones),59 €,118€ en total
6581ffbe7d4586d80596abd9,Alojamiento entero: piso,5-3 · Apartamento con encanto en Barcelona,Eixample,4 huéspedes · 2 dormitorios · 2 camas · 1 baño,Wifi · Cocina · Lavadora · Aire acondicionado,17 dic. – 19 dic.,"4,71", (24 evaluaciones),131 €,261€ en total
6581ffbe7d4586d80596abda,Habitación de hotel,Lovely Double Room with balcony Born,Sant Pere-Santa Caterina i la Ribera,2 huéspedes · 1 dormitorio · 1 baño privado,Wifi · Aire acondicionado,10 dic. – 12 dic.,"4,62", (185 evaluaciones),77 €,153€ en total
6581ffbe7d4586d80596abdb,Habitación privada,Luminosa habitación en casa en Barcelona,Gràcia,"2 huéspedes · 1 dormitorio · 1 cama · 2,5 baños compartidos",Wifi · Lavadora,24 dic. – 26 dic.,"4,79", (63 evaluaciones),49 €,98€ en total
6581ffbe7d4586d80596abdc,Habitación privada,Cuarto Doble Acogedor en centro BCN. Calefacción,Ciutat Vella,2 huéspedes · 1 dormitorio · 1 cama · 1 baño compartido,Wifi,10 dic. – 12 dic.,"4,84", (149 evaluaciones),65 €,130€ en total
6581ffbe7d4586d80596abdd,Alojamiento entero: apartamento,"New apartment. Fira I Europa. - MWC, Granvia Fira",complejo residencial,"4 huéspedes · 1 dormitorio · 2 camas · 1,5 baños",Wifi · Cocina · Lavadora · Aire acondicionado,10 dic. – 12 dic.,"4,72", (220 evaluaciones),103 €,206€ en total
6581ffbe7d4586d80596abde,Habitación privada,Habitacion Sants-Monjuic,Distrito de Sants-Montjuïc,1 huésped · 1 dormitorio · 1 cama · 1 baño compartido,Wifi · Cocina · Lavadora,10 dic. – 12 dic.,NA,No hay evaluaciones,30 €,59€ en total
6581ffbe7d4586d80596abdf,Habitación privada,Single room in the heart of Gracia,Gràcia,1 huésped · 1 dormitorio · 1 cama · 1 baño compartido,Wifi · Cocina · Aire acondicionado,31 dic. – 2 ene.,"4,53", (157 evaluaciones),40 €,79€ en total
6581ffbe7d4586d80596abe0,Habitación privada,Single room in the heart of Gracia,Gràcia,1 huésped · 1 dormitorio · 1 cama · 1 baño compartido,Wifi · Cocina · Aire acondicionado,31 dic. – 2 ene.,"4,53", (157 evaluaciones),40 €,79€ en total
6581ffbe7d4586d80596abe1,Alojamiento entero: piso,"Bonito y Centrico! Plaza España-FIRA- Rambla 10""",El Poble Sec,2 huéspedes · 1 dormitorio · 1 cama · 1 baño,Wifi · Cocina · Lavadora,24 dic. – 26 dic.,"4,49", (134 evaluaciones),116 €,231€ en total
6581ffbe7d4586d80596abe2,Habitación de hotel,Tiny Double Room,Eixample,2 huéspedes · 1 dormitorio · 1 baño privado,Wifi · Aire acondicionado,17 dic. – 19 dic.,"4,69", (191 evaluaciones),70 €,139€ en total
6581ffbe7d4586d80596abe3,Habitación privada,DOUBLE ROOM NEAR TO THE BEACH AND SAGRADA FAMILIA,El Fort Pienc,2 huéspedes · 1 dormitorio · 1 cama · 1 baño compartido,Wifi · Cocina · Lavadora,17 dic. – 19 dic.,"4,31", (29 evaluaciones),52 €,104€ en total
6581ffbe7d4586d80596abe4,Habitación de hotel,AIRHOSTEL Aeropuerto Barcelona (Mixed room 001),El Prat de Llobregat,1 huésped · 1 dormitorio · 1 cama · 7 baños,Wifi · Cocina · Aire acondicionado,26 nov. – 28 nov.,"4,55", (108 evaluaciones),18 €,36€ en total
6581ffbe7d4586d80596abe5,Habitación privada,"Céntrico, tranquilo y seguro",L'Antiga Esquerra de l'Eixample,"2 huéspedes · 1 dormitorio · 1 cama · 1,5 baños compartidos",Wifi · Cocina,10 dic. – 12 dic.,"4,78", (63 evaluaciones),58 €,116€ en total
6581ffbe7d4586d80596abe6,Habitación privada,"Bcn. Gracia, tranquilo y con terraza",El Camp d'en Grassot i Gràcia Nova,1 huésped · 1 dormitorio · 1 cama · 1 baño compartido,Wifi · Cocina · Lavadora,24 dic. – 26 dic.,"4,83", (7 evaluaciones),36 €,71€ en total
6581ffbe7d4586d80596abe7,Habitación privada,Barcelona One,Ciutat Vella,1 huésped · 1 dormitorio · 1 cama · 1 baño compartido,Wifi,31 dic. – 2 ene.,"4,41", (140 evaluaciones),40 €,80€ en total
6581ffbe7d4586d80596abe8,Alojamiento entero: piso,#1 Atico soleado con terraza - Camp Nou - BCN Fira,L'Hospitalet de Llobregat,"4 huéspedes · 1 dormitorio · 3 camas · 1,5 baños",Wifi · Cocina · Aire acondicionado,17 dic. – 19 dic.,"4,87", (226 evaluaciones),105 €,210€ en total
6581ffbe7d4586d80596abe9,Alojamiento entero: piso,4-4 · Céntrico apartamento de diseño,Eixample,4 huéspedes · 2 dormitorios · 2 camas · 1 baño,Wifi · Cocina · Lavadora · Aire acondicionado,17 dic. – 19 dic.,5, (9 evaluaciones),130 €,259€ en total
6581ffbe7d4586d80596abea,Alojamiento entero: piso,5-1 · Precioso apartamento en el centro de Barcelona,Eixample,4 huéspedes · 2 dormitorios · 2 camas · 1 baño,Wifi · Cocina · Lavadora · Aire acondicionado,10 dic. – 12 dic.,"4,33", (12 evaluaciones),120 €,239€ en total
6581ffbe7d4586d80596abeb,Habitación privada,habitacion privada en Sants estacion,Eixample,2 huéspedes · 1 dormitorio · 1 cama · 1 baño compartido,Wifi,24 dic. – 26 dic.,"4,56", (27 evaluaciones),26 €,52€ en total
6581ffbe7d4586d80596abec,Habitación privada,Quiet Room in a Catalan Modernist Apartment,Eixample,"2 huéspedes · 1 dormitorio · 1 cama · 1,5 baños compartidos",Wifi · Cocina · Lavadora,24 dic. – 26 dic.,NA,No hay evaluaciones,60 €,119€ en total
6581ffbe7d4586d80596abed,Habitación privada,Beauty Room for 2 Persons Centre El Born,Sant Pere-Santa Caterina i la Ribera,2 huéspedes · 1 dormitorio · 1 cama · 1 baño compartido,Wifi · Cocina · Lavadora,24 dic. – 26 dic.,"4,72", (75 evaluaciones),77 €,154€ en total
6581ffbe7d4586d80596abee,Alojamiento entero: piso,Precioso Estudio en Barcelona *Bcn* A01,Eixample,3 huéspedes · Estudio · 2 camas · 1 baño,Tu anfitrión es una empresa · Wifi · Cocina · Lavadora,17 dic. – 19 dic.,"4,76", (46 evaluaciones),103 €,206€ en total
6581ffbe7d4586d80596abef,Habitación privada,Habitación doble ( tranquila) cerca de Las Ramblas,Ciutat Vella,2 huéspedes · 1 dormitorio · 2 camas · 2 baños compartidos,Wifi · Lavadora,10 dic. – 12 dic.,"4,9", (10 evaluaciones),50 €,100€ en total
6581ffbe7d4586d80596abf0,Habitación de hotel boutique,Urban Boutique Room 3,L'Hospitalet de Llobregat,2 huéspedes · 1 dormitorio · 1 cama · 1 baño privado,Wifi · Aire acondicionado,17 dic. – 19 dic.,"4,4", (20 evaluaciones),51 €,102€ en total
6581ffbe7d4586d80596abf1,Habitación de hotel,Estilo atemporal en habitación doble con balcón,Eixample,2 huéspedes · 1 dormitorio · 1 baño privado,Wifi · Aire acondicionado,10 dic. – 12 dic.,"4,52", (462 evaluaciones),84 €,168€ en total
6581ffbe7d4586d80596abf2,Habitación privada,Luxurious Room with En Suite Bathroom,Ciutat Vella,2 huéspedes · 1 dormitorio · 1 baño privado,Wifi · Cocina · Aire acondicionado,24 dic. – 26 dic.,"4,88", (42 evaluaciones),95 €,189€ en total